name,smiles,indication,sarathy2016,janardhan2016,radchenko2023,lepori2025_mtb,lepori2025_msm,mycpermcheck,valitalo2016,entry_rb,entry_glob,entry_pbf,entry_amine,entry_score,clogp
abacavir,C1CC1NC2=C3C(=NC(=N2)N)N(C=N3)C4CC(C=C4)CO,arv,0.453601155610535,0.1731884641864198,0.1261538623312623,0.9666790617016036,0.9665610938834924,0.2778741727766562,0.5942158638535203,4,0.0821521027933396,0.7869355119546003,0,3.0,0.7028105
amprenavir,CC(C)CN(CC(C(CC1=CC=CC=C1)NC(=O)OC2CCOC2)O)S(=O)(=O)C3=CC=C(C=C3)N,arv,0.2177874219514083,0.5414617707547476,0.2409351152025964,0.7070987468505086,0.7976789523923993,0.0753357677957476,0.513373007612485,12,0.1666328882146708,1.2667873739920064,0,1.0,2.334426
atazanavir,CC(C)(C)C(C(=O)NC(CC1=CC=CC=C1)C(CN(CC2=CC=C(C=C2)C3=CC=CC=N3)NC(=O)C(C(C)(C)C)NC(=O)OC)O)NC(=O)OC,arv,0.0699289905917526,0.7902742425538889,0.4533408256025319,0.7107652555575663,0.7370627077659271,0.1721838407100226,0.6453838039280206,18,0.2537986945748677,1.7867266033086715,0,0.0,4.408189
cabotegravir,C[C@H]1CO[C@H]2N1C(=O)C3=C(C(=O)C(=CN3C2)C(=O)NCC4=C(C=C(C=C4)F)F)O,arv,0.3286051786050571,0.8331941032045451,0.3322843668214688,0.6928314303568202,0.6649613571074542,0.1227385931910286,0.488927431245289,3,0.0464319283588235,0.7664709782704913,0,3.0,1.0124043
darunavir,CC(C)CN(CC(C(CC1=CC=CC=C1)NC(=O)OC2COC3C2CCO3)O)S(=O)(=O)C4=CC=C(C=C4)N,arv,0.1635747327646222,0.6001198194847612,0.2833826079587941,0.7699584144047051,0.8051137632569076,0.0701647674120704,0.5057473170456157,12,0.2174122619591131,1.3857633828199964,0,0.0,2.340717
delavirdine,CC(C)NC1=C(N=CC=C1)N2CCN(CC2)C(=O)C3=CC4=C(N3)C=CC(=C4)NS(=O)(=O)C,arv,0.250922742190851,0.103319799286375,0.5304595125373721,0.8155662721420527,0.9714578688187194,0.1509681493234412,0.5775132466993524,6,0.0472245202894693,0.8688466058683544,0,2.0,0.9442328
didanosine,C1CC(OC1CO)N2C=NC3=C2N=CNC3=O,arv,0.7534201988862432,0.2955494319590112,0.0614812003639411,0.791671518440948,0.8543506228127533,0.1106658004286254,0.5092382346222315,2,0.122301532937884,0.7169601894641554,0,3.0,-0.8736139
dolutegravir,CC1CCOC2N1C(=O)C3=C(C(=O)C(=CN3C2)C(=O)NCC4=C(C=C(C=C4)F)F)O,arv,0.2951027511462689,0.8342417456092284,0.3884949827939059,0.6521340959364264,0.6426279665333061,0.2144956379714023,0.5256470537418694,3,0.0654330937874834,0.9504096409927366,0,3.0,1.3676516
doravirine,CN1C(=NNC1=O)CN2C=CC(=C(C2=O)OC3=CC(=CC(=C3)C#N)Cl)C(F)(F)F,arv,0.1645725618562657,0.7001261376877944,0.5756945765880295,0.4817075656190194,0.5256112464750369,0.1022236864035389,0.3966561418853321,5,0.1593008086747358,0.9428100791037632,0,2.0,2.6833003
efavirenz,C1CC1C#CC2(C3=C(C=CC(=C3)Cl)NC(=O)O2)C(F)(F)F,arv,0.2893526799509968,0.5122175939981554,0.2978151902258797,0.1970805775983923,0.3171532408821735,0.1886128059036254,0.5893859439246341,2,0.1304050526274199,0.8534806400253697,0,3.0,4.3632073
elvitegravir,CC(C)C(CO)N1C=C(C(=O)C2=C1C=C(C(=C2)CC3=C(C(=CC=C3)Cl)F)OC)C(=O)O,arv,0.1603711039390242,0.8648997273590457,0.3732284280943834,0.3075247129143342,0.4566989382957811,0.1556982480769026,0.6250930316647434,7,0.1065071665434269,0.9682625964472932,0,2.0,3.9763372
emtricitabine,C1C(OC(S1)CO)N2C=C(C(=NC2=O)N)F,arv,0.8078705017014536,0.4987553530935455,0.1016926941313206,0.7721462613746896,0.7760103709160757,0.3848288412500236,0.4223170407707512,2,0.0771307304075894,0.6706835807743174,0,3.0,-0.79789543
etravirine,CC1=CC(=CC(=C1OC2=NC(=NC(=C2Br)N)NC3=CC=C(C=C3)C#N)C)C#N,arv,0.2431962563602595,0.0926395375924113,0.5393637933602138,0.8794411588344251,0.90826112535951,0.35700292293039,0.5889614086126962,4,0.1386346777655241,0.9193711873004684,0,3.0,3.2715924
fosamprenavir,CC(C)CN(CC(C(CC1=CC=CC=C1)NC(=O)OC2CCOC2)OP(=O)(O)O)S(=O)(=O)C3=CC=C(C=C3)N,arv,0.1994612884070353,0.6131634292015562,0.2535469835088138,0.4928141122338779,0.5298039126327423,0.0662467626645456,0.4343908080048506,14,0.2101006291351815,1.372185778208341,0,0.0,0.86634994
fostemsavir,CC1=NN(C=N1)C2=NC=C(C3=C2N(C=C3C(=O)C(=O)N4CCN(CC4)C(=O)C5=CC=CC=C5)COP(=O)(O)O)OC,arv,0.2426820347269633,0.8490593367892736,0.5155897637837696,0.4816832521000714,0.5936169852972091,0.0984826914478413,0.3821927468589092,8,0.1096385301185756,1.2073705041104283,0,1.0,-0.023568034
indinavir,CC(C)(C)NC(=O)C1CN(CCN1CC(CC(CC2=CC=CC=C2)C(=O)NC3C(CC4=CC=CC=C34)O)O)CC5=CN=CC=C5,arv,0.0608245783811544,0.3851093641804576,0.2533980322443045,0.6802338024730319,0.8312770097183914,0.2747099854858116,0.6565484193729623,12,0.1939311154525307,1.7459676069800154,0,1.0,3.3015966
lamivudine,C1C(OC(S1)CO)N2C=CC(=NC2=O)N,arv,0.8292796409700741,0.4114692546005161,0.0912143794759561,0.8280350927047218,0.8401702719126114,0.318933639889653,0.4144638462328129,2,0.0759662058411682,0.6364617517036849,0,3.0,-1.086462
lopinavir,CC1=C(C(=CC=C1)C)OCC(=O)NC(CC2=CC=CC=C2)C(CC(CC3=CC=CC=C3)NC(=O)C(C(C)C)N4CCCNC4=O)O,arv,0.1051368091262947,0.6800554907606813,0.4407886279043394,0.5507417922171159,0.6518744196849589,0.2193757984953749,0.6144178935601174,15,0.2244600635181037,1.5323927918316098,0,0.0,4.634545
maraviroc,CC1=NN=C(N1C2CC3CCC(C2)N3CCC(C4=CC=CC=C4)NC(=O)C5CCC(CC5)(F)F)C(C)C,arv,0.0792473823236571,0.3998989532842144,0.5616471517639198,0.8512345335302443,0.8923487546791737,0.1252253428604615,0.6977061093993296,8,0.1256343216841996,1.3005689627929389,0,1.0,5.1410184
nelfinavir,CC1=C(C=CC=C1O)C(=O)NC(CSC2=CC=CC=C2)C(CN3CC4CCCCC4CC3C(=O)NC(C)(C)C)O,arv,0.1088341826282135,0.392611980540648,0.4599526531254539,0.7083905568235462,0.8372001991994013,0.2564475333668237,0.6318223186310294,10,0.2363952408918031,1.525489917633603,0,0.0,4.4831347
nevirapine,CC1=C2C(=NC=C1)N(C3=C(C=CC=N3)C(=O)N2)C4CC4,arv,0.4607055221425715,0.2052631474661829,0.2954368728943505,0.8310516413262059,0.9002995817601196,0.1306860904457291,0.7080732751644406,1,0.138819692906057,0.7795307665539987,0,3.0,1.3690501
raltegravir,CC1=NN=C(O1)C(=O)NC(C)(C)C2=NC(=C(C(=O)N2C)O)C(=O)NCC3=CC=C(C=C3)F,arv,0.354347375726441,0.8219804039435838,0.6407630212770078,0.5347562142114158,0.5506210076311242,0.2562507667997167,0.5561230626272072,6,0.1302909111664708,1.1443115409345634,0,1.0,1.100791
rilpivirine,CC1=CC(=CC(=C1NC2=NC(=NC=C2)NC3=CC=C(C=C3)C#N)C)C=CC#N,arv,0.1440839944121119,0.0734195872527613,0.6404661100682659,0.8419246775205795,0.9440624051253405,0.2491196764854827,0.7229041636764939,5,0.1030344296768219,0.9236267228219326,0,2.0,3.5246804
ritonavir,CC(C)C1=NC(=CS1)CN(C)C(=O)NC(C(C)C)C(=O)NC(CC2=CC=CC=C2)CC(C(CC3=CC=CC=C3)NC(=O)OCC4=CN=CS4)O,arv,0.0387529865847348,0.727510076517075,0.6169517717456767,0.8031887459996179,0.8365394169965297,0.0971368787199171,0.5658977411416342,18,0.1461197737600786,1.5650047103887523,0,1.0,5.044013
saquinavir,CC(C)(C)NC(=O)C1CC2CCCCC2CN1CC(C(CC3=CC=CC=C3)NC(=O)C(CC(=O)N)NC(=O)C4=NC5=CC=CC=C5C=C4)O,arv,0.0672535009303529,0.6250504803872462,0.4846874250666129,0.5510190040448082,0.6677129314414132,0.2880864149188848,0.6097525500268772,13,0.1056585466391012,1.418378284567241,0,1.0,3.9470718
stavudine,CC1=CN(C(=O)NC1=O)C2C=CC(O2)CO,arv,0.8141579808082542,0.33801763521569,0.0669755251464676,0.3022432328928878,0.4315001891314764,0.2378658686242171,0.4905068142542861,2,0.1143059058054137,0.7207091515944342,0,3.0,-0.6817825
tenofovir,CC(CN1C=NC2=C(N=CN=C21)N)OCP(=O)(O)O,arv,0.7285392336253391,0.2448209600098857,0.0529375703008855,0.8632830197586703,0.7788631033362684,0.0731175087409772,0.3743128007760447,5,0.122465863240011,0.8032412066769617,0,2.0,-1.0826936
tipranavir,CCCC1(CC(=C(C(=O)O1)C(CC)C2=CC(=CC=C2)NS(=O)(=O)C3=NC=C(C=C3)C(F)(F)F)O)CCC4=CC=CC=C4,arv,0.064425133531894,0.8385923627137681,0.6772817261299464,0.2433345323521192,0.4017300814484835,0.1681882724497847,0.5499592120414758,12,0.0988360352987718,1.352972041162735,0,1.0,5.5061507
zalcitabine,C1CC(OC1CO)N2C=CC(=NC2=O)N,arv,0.8081464193539741,0.5026315228744328,0.0533628612541151,0.799633470568184,0.8176988001051673,0.2656183133876224,0.515954146038174,2,0.106895020409328,0.7351681542333359,0,3.0,-1.2228206
zidovudine,CC1=CN(C(=O)NC1=O)C2CC(C(O2)CO)N=[N+]=[N-],arv,0.7277634141101377,0.4696512727156445,0.1373797507239847,0.2635938923628588,0.4358175515163186,0.1311625109887905,0.4459044739215134,3,0.1030184815498066,0.7642176782044497,0,3.0,-0.26489115
Metformin,CN(C)C(=N)N=C(N)N,coad,0.7843544159951635,0.3158598823961343,0.0190430813528564,0.4725590383162912,0.5202478520440441,0.5184179634191491,0.6298561425035702,2,0.1100561125509089,0.5466666567766918,0,3.0,-1.172231
Glibenclamide,COC1=C(C=C(C=C1)Cl)C(=O)NCCC2=CC=C(C=C2)S(=O)(=O)NC(=O)NC3CCCCC3,coad,0.222524713433945,0.6341305058590962,0.769555902048813,0.4083217615818616,0.4234028861876593,0.2003239937570631,0.4975284615479785,8,0.0445264087480769,1.114344826214331,0,1.0,3.9409187
Glimepiride,CCC1=C(CN(C1=O)C(=O)NCCC2=CC=C(C=C2)S(=O)(=O)NC(=O)NC3CCC(CC3)C)C,coad,0.310594659326916,0.5639830912103726,0.6389863438535921,0.514062419217907,0.484168013608101,0.2128691282836063,0.5365015637407774,7,0.0705695403297404,1.152247389051307,0,1.0,3.383079
Acarbose,CC1C(C(C(C(O1)OC2C(OC(C(C2O)O)OC3C(OC(C(C3O)O)O)CO)CO)O)O)NC4C=C(C(C(C4O)O)O)CO,coad,0.6862468369838736,0.4419079295590352,0.0496416709191098,0.3706408432763641,0.4928876619327808,0.2940886324454946,0.2944339177737766,9,0.0661118970055622,1.1463514332957705,0,1.0,-1.9649247
Pioglitazone,CCC1=CN=C(C=C1)CCOC2=CC=C(C=C2)CC3C(=O)NC(=O)S3,coad,0.1752924437012353,0.4522039194948265,0.5870461290484736,0.8182422909118503,0.7926676056493904,0.3872024126484598,0.6039070784206424,7,0.0663260521256334,0.8805821307163901,0,2.0,3.3209689
Furosemide,C1=COC(=C1)CNC2=CC(=C(C=C2C(=O)O)S(=O)(=O)N)Cl,coad,0.4773834938033616,0.6226333422952848,0.19898626105431,0.4138292914578523,0.3758269435735571,0.1102166167555316,0.3148424574808113,5,0.1010859377873546,0.7746490703283949,0,2.0,0.91270566
Digoxin,CC1C(C(CC(O1)OC2C(OC(CC2O)OC3C(OC(CC3O)OC4CCC5(C(C4)CCC6C5CC(C7(C6(CCC7C8=CC(=O)OC8)O)C)O)C)C)C)O)O,coad,0.2027319533574517,0.6313338006796958,0.3306524968067323,0.6393478542015577,0.7248640317755612,0.2178160165429711,0.6523855508138847,7,0.0506166366824826,1.2007027048429004,0,1.0,1.4320385
Nifedipine,CC1=C(C(C(=C(N1)C)C(=O)OC)C2=CC=CC=C2[N+](=O)[O-])C(=O)OC,coad,0.5685478152852866,0.9314793660773092,0.3964699502806879,0.1391804699924291,0.2507442466011788,0.3374759350700166,0.5869740356988287,6,0.3243074744467173,1.154173910700017,0,0.0,3.1421769
Propranolol,CC(C)NCC(COC1=CC=CC2=CC=CC=C21)O,coad,0.4351121448522465,0.2650723260388581,0.3339068819304477,0.9010367432238586,0.8469379056577101,0.3704100038255172,0.6457513532504355,6,0.1223017678331655,0.8551276324261065,0,2.0,2.794296
Atenolol,CC(C)NCC(COC1=CC=C(C=C1)CC(=O)N)O,coad,0.7102011607751677,0.4260393836047909,0.0801699491053336,0.8595281509107372,0.8882830012382166,0.3139983673196925,0.5684026459248501,8,0.0725873491531795,0.8374803541591496,0,2.0,0.7253059
Salbutamol,CC(C)(C)NCC(C1=CC(=C(C=C1)O)CO)O,coad,0.8675051243530387,0.1678943825303289,0.0599955063535759,0.9136639211112718,0.8552261530048064,0.1219464199155958,0.5986884224030745,5,0.1151276513849523,0.820452522443769,0,2.0,0.45711246
Hydrochlorothiazide,C1NC2=CC(=C(C=C2S(=O)(=O)N1)S(=O)(=O)N)Cl,coad,0.7410327571822328,0.1776191145260487,0.1801114062457841,0.6452897335309611,0.6935741349113749,0.2028614644175417,0.3159583574826011,1,0.0589147425203565,0.4917241790243858,0,3.0,-0.1736911
Amiloride,C1(=C(N=C(C(=N1)Cl)N)N)C(=O)N=C(N)N,coad,0.8118494418042073,0.1437454943765415,0.111965705421318,0.6656881454522017,0.7140680770412047,0.7428585381862265,0.4156168851413379,2,0.0427655943510282,0.4208308324403409,0,3.0,-0.8642301
Carbamazepine,C1=CC=C2C(=C1)C=CC3=CC=CC=C3N2C(=O)N,coad,0.3316879249225688,0.2675770425933985,0.3544355775431799,0.6750472325872774,0.7105558516674412,0.3957560953303072,0.6879664982035782,0,0.1849493344155751,0.9199905484987576,0,3.0,3.0584095
Enalapril,CCOC(=O)C(CCC1=CC=CC=C1)NC(C)C(=O)N2CCCC2C(=O)O,coad,0.5582500992523227,0.8061762911137841,0.1171830295416454,0.267841417300188,0.3964280191205893,0.1418142729780419,0.4386524424151545,10,0.1295106909109746,1.0208031349261324,0,1.0,1.9036961
Losartan,CCCCC1=NC(=C(N1CC2=CC=C(C=C2)C3=CC=CC=C3C4=NNN=N4)CO)Cl,coad,0.2022861836851026,0.286832493358664,0.714035449151503,0.6797250433801112,0.6859751948953831,0.1258209707242928,0.676496804270879,8,0.1431541879147006,1.125160571556371,0,1.0,3.8651197
Amlodipine,CCOC(=O)C1=C(NC(=C(C1C2=CC=CC=C2Cl)C(=O)OC)C)COCCN,coad,0.2926611837677238,0.928552472123394,0.4445759703669419,0.2677535759014529,0.4644729868034599,0.3235482728420638,0.4882773648216715,10,0.1844354526871835,1.0651649139869357,1,2.0,3.5807164
Verapamil,CC(C)C(CCCN(C)CCC1=CC(=C(C=C1)OC)OC)(C#N)C2=CC(=C(C=C2)OC)OC,coad,0.1300440814136045,0.3904083284228212,0.3765486837737603,0.9518177275610948,0.9053466609306304,0.1551918901528572,0.761507357343866,13,0.1457621576105171,1.4633920933298623,0,1.0,4.406308
Captopril,CC(CS)C(=O)N1CCCC1C(=O)O,coad,0.8768740884405778,0.468830398228685,0.0487340237952693,0.3856134173611821,0.3783429783174989,0.085821543020536,0.4530637630757529,3,0.1955425050165051,0.8375798750827232,0,3.0,0.54536533
Bendroflumethiazide,C1=CC=C(C=C1)CC2NC3=C(C=C(C(=C3)C(F)(F)F)S(=O)(=O)N)S(=O)(=O)N2,coad,0.3210836600614212,0.3218736409138411,0.3103632190081901,0.5451521890951129,0.6332554391763179,0.0993138539760434,0.2920032243879635,4,0.0737212043554195,0.8104937484860862,0,3.0,2.0893455
Methyldopa,CC(CC1=CC(=C(C=C1)O)O)(C(=O)O)N,coad,0.8724866229941177,0.212765439036185,0.0256413618653532,0.5084238489837307,0.5243586421227165,0.0561034903563079,0.4375937793150518,3,0.1233045422236151,0.6791004020360727,1,4.0,-1.1336812
Spironolactone,CC(=O)SC1CC2=CC(=O)CCC2(C3C1C4CCC5(C4(CC3)C)CCC(=O)O5)C,coad,0.2492032368896025,0.4951957086701034,0.4573786439595785,0.8433984514347219,0.8229814826885515,0.2564657838365864,0.7496922649036967,2,0.1617410211957904,1.07799001381075,0,2.0,2.9127343
Prednisolone,CC12CC(C3C(C1CCC2(C(=O)CO)O)CCC4=CC(=O)C=CC34C)O,coad,0.5877488695537734,0.4114501233234861,0.1532919229114434,0.8535164223738883,0.8700197804330326,0.3037337863971043,0.6552250450585868,2,0.2321050991145007,1.174339418744184,0,1.0,1.0663078
Chlorpromazine,CN(C)CCCN1C2=CC=CC=C2SC3=C1C=C(C=C3)Cl,coad,0.1735367894515794,0.1535581918640209,0.588688597782653,0.7946307701574705,0.8128768503798973,0.3274907513879057,0.7586205871211908,4,0.1746424513909664,0.9077749083775024,0,3.0,5.3427644
Haloperidol,C1CN(CCC1(C2=CC=C(C=C2)Cl)O)CCCC(=O)C3=CC=C(C=C3)F,coad,0.3027381753242285,0.3272245553698878,0.4928527980758876,0.7702467565309941,0.8162227787695354,0.3805179105614617,0.7593613372801142,6,0.1085108739544812,0.991449196872767,0,2.0,4.237318
Clozapine,CN1CCN(CC1)C2=NC3=C(C=CC(=C3)Cl)NC4=CC=CC=C42,coad,0.152692818671662,0.1661183580414951,0.5602429378489646,0.7203335073389194,0.8025086779556,0.3831433493166039,0.7493002974312939,1,0.0989709117496311,0.8512396337362004,0,3.0,3.155455
Risperidone,CC1=C(C(=O)N2CCCCC2=N1)CCN3CCC(CC3)C4=NOC5=C4C=CC(=C5)F,coad,0.1911153023781707,0.4156464771002689,0.5138073184442348,0.930792076473496,0.9356090778611336,0.1503924530792103,0.6924685299482387,4,0.0861393550197522,0.9566132671899892,0,3.0,3.9587395
Olanzapine,CC1=CC2=C(S1)NC3=CC=CC=C3N=C2N4CCN(CC4)C,coad,0.1625951022089898,0.1615461553785888,0.5270203459346106,0.7594003875738522,0.7775010926320404,0.4168961663357844,0.7432803141464205,1,0.115162571996752,0.8311599283785881,0,3.0,2.2884717
Amitriptyline,CN(C)CCC=C1C2=CC=CC=C2CCC3=CC=CC=C31,coad,0.3181488116331966,0.1631080683454795,0.6988006446485372,0.6943766145878827,0.7282830674674621,0.3173099275905568,0.768604500710365,3,0.1931971068147633,1.0468145665772797,0,2.0,5.0393176
Imipramine,CN(C)CCCN1C2=CC=CC=C2CCC3=CC=CC=C31,coad,0.2968429170036571,0.1464253905688756,0.4965664951179878,0.7948044036208403,0.806128591735332,0.2589678946616252,0.7554295026396516,4,0.2427660012580838,1.1168501718845336,0,1.0,4.941388
Fluoxetine,CNCCC(C1=CC=CC=C1)OC2=CC=C(C=C2)C(F)(F)F,coad,0.1844797062155753,0.600287463798769,0.342273363265269,0.6131817405053432,0.6035805879715713,0.1960948757608823,0.6205241700764205,7,0.1279337963564655,0.9338005635286952,0,2.0,4.0291457
Paroxetine,C1CNCC(C1C2=CC=C(C=C2)F)COC3=CC4=C(C=C3)OCO4,coad,0.1655921154005745,0.489131336717427,0.4414320911846524,0.9411523928071336,0.911958229802986,0.1595172510133821,0.7163003989007766,4,0.1275821998802783,0.9264699135417248,0,3.0,3.3067832
Trazodone,C1CN(CCN1CCCN2C(=O)N3C=CC=CC3=N2)C4=CC(=CC=C4)Cl,coad,0.2114129956838429,0.4446250372537488,0.4420790225250107,0.9454668431386172,0.9609057364351908,0.4398365132036284,0.6757960077429453,5,0.0965395592459598,0.9915655830142563,0,2.0,2.155005
Lamotrigine,C1=CC(=C(C(=C1)Cl)Cl)C2=C(N=C(N=N2)N)N,coad,0.5981344146306078,0.0697969579027977,0.4047037046400302,0.7748647731553351,0.8581791977905293,0.5609172010805932,0.6321385419471008,1,0.0380117713324736,0.3808415662035196,0,3.0,2.5752447
Amoxicillin,CC1(C(N2C(S1)C(C2=O)NC(=O)C(C3=CC=C(C=C3)O)N)C(=O)O)C,coad,0.4575241753067308,0.4209895643582231,0.0808926835439693,0.3245820632592213,0.4598937095117777,0.1087892692881147,0.2401517168985736,4,0.0925424262387914,0.9616772083151824,1,4.0,0.40376
Ciprofloxacin,C1CC1N2C=C(C(=O)C3=CC(=C(C=C32)N4CCNCC4)F)C(=O)O,coad,0.3242343868537596,0.7847465331246157,0.3069091868674969,0.6354388532879504,0.7439998266475665,0.4328286839378829,0.5888545345400964,3,0.0424027540690313,0.5156655707880768,0,3.0,-0.1119034
Doxycycline,CC1C2C(C3C(C(=O)C(=C(C3(C(=O)C2=C(C4=C1C=CC=C4O)O)O)O)C(=O)N)N(C)C)O,coad,0.4602944714704233,0.3790842405855048,0.2313452586127504,0.4891703745667599,0.604918167431503,0.4689096980904035,0.4471976668743311,2,0.1602244183371804,1.160189113864388,0,2.0,-0.8554002
Metronidazole,CC1=NC=C(N1CCO)[N+](=O)[O-],coad,0.9414678207981764,0.7767721964237051,0.0926120115061193,0.84392589444591,0.7858552442020188,0.445492186272855,0.4900854534907838,3,0.1494812812920273,0.5393714828676477,0,3.0,-0.18287596
Tinidazole,CCS(=O)(=O)CCN1C(=NC=C1[N+](=O)[O-])C,coad,0.918871793847816,0.4887998911682265,0.2049075702697074,0.818319773559663,0.7676196111466955,0.2462834664287418,0.4861441589549156,5,0.1705761548721406,0.7822894009482253,0,2.0,0.15667763
Aspirin,CC(=O)OC1=CC=CC=C1C(=O)O,coad,0.8791350451509179,0.5741226432894425,0.0932835794081845,0.0543977513629774,0.1093816401063384,0.3536526796616428,0.4384724040953343,3,0.0476329614223597,0.3424357137454972,0,3.0,1.5167665
Simvastatin,CCC(C)(C)C(=O)OC1CC(C=C2C1C(C(C=C2)C)CCC3CC(CC(=O)O3)O)C,coad,0.3646629757259758,0.6300057137163776,0.2085482004200438,0.6736588967411687,0.7984883101195795,0.2446313463678459,0.7389341594837905,7,0.1651918514577376,1.0943662186204344,0,1.0,4.5663657
Warfarin,CC(=O)CC(C1=CC=CC=C1)C2=C(C3=CC=CC=C3OC2=O)O,coad,0.1848309359285353,0.5278787444394011,0.4971818017894748,0.697967122635939,0.7754571665091538,0.3300433331727032,0.5957188838574144,4,0.1481344202536743,0.9687500705250964,0,3.0,3.5596764
Artemether,CC1CCC2C(C(OC3C24C1CCC(O3)(OO4)C)OC)C,coad,0.3938226277147941,0.468357676161849,0.2374721140829558,0.5187766111561491,0.3317908582132635,0.0582730336338552,0.7034236494395529,1,0.2508000391534437,1.027950210548911,0,1.0,2.5836046
Artesunate,CC1CCC2C(C(OC3C24C1CCC(O3)(OO4)C)OC(=O)CCC(=O)O)C,coad,0.2951647375044189,0.7460436643206363,0.2027023714910847,0.270538465062138,0.2375578284358291,0.0900488782934725,0.490327232755736,5,0.1799533419689116,1.1264145251859763,0,1.0,2.010493
Pyrimethamine,CCC1=C(C(=NC(=N1)N)N)C2=CC=C(C=C2)Cl,coad,0.5883002926962271,0.0837275138418499,0.3076492104452649,0.8139782541363707,0.9162335214884838,0.4839528350944022,0.7168310408718533,2,0.0853627267219705,0.5412175026393463,0,3.0,2.376023
Sulfadoxine,COC1=C(N=CN=C1OC)NS(=O)(=O)C2=CC=C(C=C2)N,coad,0.7199987404555563,0.3453554823301997,0.1885597739329738,0.6949420475500843,0.6525313298046156,0.2551561781687799,0.53740649833055,5,0.1262830393466891,0.7814118639936457,0,2.0,0.5183116
Trimethoprim,COC1=CC(=CC(=C1OC)OC)CC2=CN=C(N=C2N)N,coad,0.6080753398910026,0.2409913906123068,0.1150463692162755,0.9690060285118528,0.964318180896923,0.1515835186513301,0.6656259511627675,5,0.099175577899214,0.8152251575536175,0,2.0,0.79619884
Lumefantrine,CCCCN(CCCC)CC(C1=CC(=CC2=C1C3=C(C2=CC4=CC=C(C=C4)Cl)C=C(C=C3)Cl)Cl)O,coad,0.0766589180722077,0.4507612758817605,0.9176285964450814,0.680405657801539,0.8408035249391065,0.5782204400576512,0.7713373710717977,10,0.1448387436914041,1.227891205730893,0,1.0,9.382224
Amikacin,C1C(C(C(C(C1NC(=O)C(CCN)O)OC2C(C(C(C(O2)CO)O)N)O)O)OC3C(C(C(C(O3)CN)O)O)O)N,mtb,0.6415801227423621,0.3163670319536466,0.036024667242159,0.5532041707871791,0.7268409774518398,0.3703356816062272,0.2711860136311043,10,0.1536120856723091,1.2455850508952138,1,2.0,-2.22457
Bedaquiline,CN(C)CC[C@@](c1cccc2c1cccc2)([C@H](c3ccccc3)c4cc5cc(ccc5nc4OC)Br)O,mtb,0.0368877114156154,0.7623837501303475,0.7345212222185485,0.7942661228824419,0.8057018826975655,0.2970183141446905,0.6570344712812209,8,0.3607069513591898,1.5311057905970742,0,0.0,7.338881
Capreomycin,CC1C(=O)NC(C(=O)NC(=CNC(=O)N)C(=O)NC(C(=O)NCC(C(=O)N1)N)C2CCN=C(N2)N)CNC(=O)CC(CCCN)N.C1CN=C(NC1C2C(=O)NCC(C(=O)NC(C(=O)NC(C(=O)NC(=CNC(=O)N)C(=O)N2)CNC(=O)CC(CCCN)N)CO)N)N,mtb,0.3868591446668787,0.3586190538717225,0.1532662919378106,0.5456233500192802,0.8533631615865378,0.2533214767690994,0.1788645056085343,19,0.1434536718511107,1.3484908811513856,1,2.0,-3.4277048
Cilastatin,CC1(CC1C(=O)NC(=CCCCCSCC(C(=O)O)N)C(=O)O)C,mtb,0.5889497702743354,0.4192939339121578,0.0601472622033682,0.2447874996690459,0.3625531470797477,0.094402088900191,0.3979229817161984,11,0.1070280822004955,1.0128897361491025,1,2.0,0.10141948
Clofazimine,CC(C)/N=c/1\cc-2n(c3ccccc3nc2cc1Nc4ccc(cc4)Cl)c5ccc(cc5)Cl,mtb,0.0526252148422523,0.7533159204809006,0.8713384777257475,0.8512151418141244,0.8765770299085301,0.6757469853310875,0.7330555764386253,4,0.0584426735152718,0.709862998150533,0,3.0,7.513526
Cycloserine,C1C(C(=O)NO1)N,mtb,0.9765170318533968,0.5555207406417857,0.1165288390615498,0.1728353533199211,0.3725167767093544,0.4228406359211891,0.5507651686869414,0,0.1520342253646631,0.3842683066649334,1,4.0,-2.002073
Delamanid,CC1(CN2C=C(N=C2O1)[N+](=O)[O-])COC3=CC=C(C=C3)N4CCC(CC4)OC5=CC=C(C=C5)OC(F)(F)F,mtb,0.0595075807415448,0.9361724604902276,0.8260477532940514,0.5780848006523576,0.6959635939516525,0.3968056653541151,0.6424458635735109,9,0.0372925955586013,0.9522380676437964,0,2.0,3.5123353
enviomycin,C1CN=C(NC1C2C(=O)NCC(C(=O)NC(C(=O)NC(C(=O)NC(=CNC(=O)N)C(=O)N2)CO)CO)NC(=O)CC(C(CCN)O)N)N,mtb,0.4951985657524288,0.363742400461736,0.1387889073063589,0.4187501313907911,0.8550596655208679,0.28411940888778,0.2030458481177487,10,0.2505072932591899,1.46000858822576,1,1.0,-3.547231
Ethambutol,CC[C@@H](CO)NCCN[C@@H](CC)CO,mtb,0.9373010920065494,0.4950124526087954,0.040452775833085,0.8930913113145231,0.9136474939336764,0.1755591324716318,0.6046073830292433,9,0.124655474884319,0.8700030178617685,0,2.0,-0.44020718
Ethionamide,CCC1=NC=CC(=C1)C(=S)N,mtb,0.8946498948886066,0.4930036236431913,0.1791599912423522,0.5664141105366762,0.6749033887141425,0.6716522872618942,0.777250601544033,2,0.0537780412792502,0.4146771261339959,0,3.0,1.4926015
Gatifloxacin,CC1CN(CCN1)c2c(cc3c(c2OC)n(cc(c3=O)C(=O)O)C4CC4)F,mtb,0.2794387991103555,0.8505144270115834,0.2873079213936279,0.696574437957693,0.7831613677858908,0.4087031254797187,0.6162115859691046,4,0.0827106965686325,0.7547586888159857,0,3.0,-0.029855192
Imipenem,CC(C1C2CC(=C(N2C1=O)C(=O)O)SCCN=CN)O,mtb,0.5351757405803131,0.6164074325533075,0.0373569680412395,0.4362475520528404,0.5750495076503764,0.1960688038104275,0.2422199371841961,6,0.1148046877537972,0.8681116893707649,0,2.0,-0.48124927
Isoniazid,c1cnccc1C(=O)NN,mtb,0.9375315140310888,0.7527676599314819,0.1456434411424711,0.6516662819244661,0.5695361038100111,0.7890608544104494,0.5440701943939028,1,0.0181725052741376,0.1903978414493905,0,3.0,-0.7750998
Kanamycin,C1C(C(C(C(C1N)OC2C(C(C(C(O2)CN)O)O)O)O)OC3C(C(C(C(O3)CO)O)N)O)N,mtb,0.7603051703681636,0.3021706168768657,0.0224562099893327,0.4483359548404764,0.6283791266242129,0.4317193296377342,0.3087296916195633,6,0.1715304837787257,1.218540852283323,1,2.0,-2.1317952
Levofloxacin,C[C@H]1COc2c3n1cc(c(=O)c3cc(c2N4CCN(CC4)C)F)C(=O)O,mtb,0.3650947914580808,0.7654117048630229,0.2076371114418174,0.7673759791020616,0.8239302188147408,0.4579261706565454,0.5816572551791153,2,0.075810276695676,0.7828038028797597,0,3.0,-0.12090275
Linezolid,CC(=O)NC[C@H]1CN(C(=O)O1)c2ccc(c(c2)F)N3CCOCC3,mtb,0.6138418095151468,0.7653299885582471,0.2898970746038252,0.8080609830649998,0.88119097456279,0.2294517403369625,0.5141118643720306,4,0.0464584285959024,0.7758110202869256,0,3.0,1.5164707
Meropenem,CC1C2C(C(=O)N2C(=C1SC3CC(NC3)C(=O)N(C)C)C(=O)O)C(C)O,mtb,0.4892334289271148,0.4895705160131882,0.0529837376473057,0.757020889406397,0.653247731764762,0.0744194602452648,0.3012269309754729,5,0.100145302886051,0.9492784118184808,0,2.0,-0.3321778
morinamide,C1COCCN1CNC(=O)C2=NC=CN=C2,mtb,0.8409888334434739,0.7184203806230077,0.073577234645893,0.8474736711549871,0.8085465765943886,0.4515976002481667,0.5704493244254187,3,0.1132509628552398,0.7680056977475842,0,3.0,-0.47813076
Moxifloxacin,COc1c2c(cc(c1N3C[C@@H]4CCCN[C@@H]4C3)F)c(=O)c(cn2C5CC5)C(=O)O,mtb,0.2189321434678821,0.8860757929663055,0.3390466694159604,0.7740093401033099,0.8270872368267239,0.3422488282218903,0.6528900233755286,4,0.067800549991815,0.7714109370325118,0,3.0,1.5857472
Posizolid,c1conc1OC[C@H]2CN(C(=O)O2)c3cc(c(c(c3)F)C4=CCN(CC4)C(=O)[C@H](CO)O)F,mtb,0.2858576579330305,0.8234785620163944,0.3881824601535572,0.5967741193673481,0.6567643856905022,0.1669579151831524,0.5392805835112174,7,0.0337809860496721,0.828629040040528,0,2.0,1.6839495
Pretomanid,C[C@H]1/C=C/C=C(\C(=O)NC2=C(C(=C3C(=C2O)C(=C(C4=C3C(=O)[C@](O4)(O/C=C/[C@@H]([C@H]([C@H]([C@@H]([C@@H]([C@@H]([C@H]1O)C)O)C)OC(=O)C)C)OC)C)C)O)O)/C=N/N5CCN(CC5)C6CCCC6)/C,mtb,0.0802077970320125,0.3336316620688198,0.6801224407319577,0.9115164697744428,0.8973953522873126,0.1851378325109191,0.7197153399266669,6,0.1703379084456909,1.7219273264973354,0,1.0,2.9173462
Pretomanid,C[C@H]1/C=C/C=C(\C(=O)NC2=C(C(=C3C(=C2O)C(=C(C4=C3C(=O)[C@](O4)(O/C=C/[C@@H]([C@H]([C@H]([C@@H]([C@@H]([C@@H]([C@H]1O)C)O)C)OC(=O)C)C)OC)C)C)O)O)/C=N/N5CCN(CC5)C6CCCC6)/C,mtb,0.0802077970320125,0.3336316620688198,0.6801224407319577,0.9115164697744428,0.8973953522873126,0.1851378325109191,0.7197153399266669,6,0.1703379084456909,1.7219273264973354,0,1.0,2.9173462
Prothionamide,CCCC1=NC=CC(=C1)C(=S)N,mtb,0.8554113355778428,0.4040261720422262,0.2684790787315089,0.6079432175477957,0.7224585375545285,0.6503986840878863,0.7550067429337075,3,0.0865848887237012,0.5821747715944098,0,3.0,1.909236
Pyrazinamide,c1cnc(cn1)C(=N)O,mtb,0.9466196742878872,0.4746994363213691,0.0483610598713926,0.5533986564278632,0.520462331321532,0.4466600928040389,0.6586882561325211,1,0.0102994262281044,0.0916486176533322,0,3.0,-0.45914635
Radezolid,CC(=O)NC[C@H]1CN(C(=O)O1)C2=CC(=C(C=C2)C3=CC=C(C=C3)CNCC4=CN=NN4)F,mtb,0.1504875477631321,0.5918315221631827,0.6739946454907346,0.839908767141478,0.8779562361575475,0.1207045156382831,0.6043319022357669,8,0.0390285634897865,0.8980458735386657,0,2.0,2.4127042
Rifampicin,C[C@H]1/C=C/C=C(\C(=O)NC2=C(C(=C3C(=C2O)C(=C(C4=C3C(=O)[C@](O4)(O/C=C/[C@@H]([C@H]([C@H]([C@@H]([C@@H]([C@@H]([C@H]1O)C)O)C)OC(=O)C)C)OC)C)C)O)O)/C=N/N5CCN(CC5)C)/C,mtb,0.1091060270675517,0.333847596648088,0.5907099866065603,0.9072243485365163,0.9024984504799516,0.1805405966098335,0.6930557337997665,5,0.2116670507593223,1.878248817250406,0,0.0,2.7645578
Rifapentine,C[C@H]1/C=C/C=C(\C(=O)NC2=C(C(=C3C(=C2O)C(=C(C4=C3C(=O)[C@](O4)(O/C=C/[C@@H]([C@H]([C@H]([C@@H]([C@@H]([C@@H]([C@H]1O)C)O)C)OC(=O)C)C)OC)C)C)O)O)/C=N/N5CCN(CC5)C6CCCC6)/C,mtb,0.0802077970320125,0.3336316620688198,0.6801224407319577,0.9115164697744428,0.8973953522873126,0.1851378325109191,0.7197153399266669,6,0.2427308541932127,1.896360164040244,0,0.0,2.9173462
Rifapentine,C[C@H]1/C=C/C=C(\C(=O)NC2=C(C(=C3C(=C2O)C(=C(C4=C3C(=O)[C@](O4)(O/C=C/[C@@H]([C@H]([C@H]([C@@H]([C@@H]([C@@H]([C@H]1O)C)O)C)OC(=O)C)C)OC)C)C)O)O)/C=N/N5CCN(CC5)C6CCCC6)/C,mtb,0.0802077970320125,0.3336316620688198,0.6801224407319577,0.9115164697744428,0.8973953522873126,0.1851378325109191,0.7197153399266669,6,0.2427308541932127,1.896360164040244,0,0.0,2.9173462
sparfloxacin,CC1CN(CC(N1)C)C2=C(C(=C3C(=C2F)N(C=C(C3=O)C(=O)O)C4CC4)N)F,mtb,0.2853748908099631,0.8083098398906681,0.3109789990528653,0.7527099095812445,0.8118353429968348,0.6199798364086134,0.6340117618699684,3,0.0654108357597203,0.6760343431139216,0,3.0,-0.55290574
Streptomycin,CC1C(C(C(O1)OC2C(C(C(C(C2O)O)N=C(N)N)O)N=C(N)N)OC3C(C(C(C(O3)CO)O)O)NC)(C=O)O,mtb,0.4365993992556714,0.2814306641024991,0.0244317727829912,0.4959665156645275,0.59776256218053,0.3673128849811592,0.238234667886467,9,0.2305286344198165,1.4171137737348791,0,0.0,-2.2898905
sulfamethoxazole,CC1=CC(=NO1)NS(=O)(=O)C2=CC=C(C=C2)N,mtb,0.7345543832276735,0.2530340658220755,0.1903674029639664,0.8368701962282439,0.7839996534053706,0.3421523154056803,0.4743087118983889,3,0.0838279499702792,0.6877138583992655,0,3.0,0.7778007
Sutezolid,CC(=O)NC[C@H]1CN(C(=O)O1)c2ccc(c(c2)F)N3CCSCC3,mtb,0.5180984294980495,0.6998175291557163,0.3181357580386258,0.8679984542640132,0.918943190029988,0.2463028465956823,0.5159838546824586,4,0.0478229165358662,0.7851803341003262,0,3.0,2.182979
Tedizolid,CN1N=C(N=N1)C2=NC=C(C=C2)C3=C(C=C(C=C3)N4C[C@@H](OC4=O)CO)F,mtb,0.3278704446391169,0.8172701734164975,0.382242979959413,0.6797519989748835,0.7371194172458395,0.084676524944041,0.6849017342657016,4,0.0218711235526831,0.5925945586522704,0,3.0,0.5736712
Terizidone,C1C(C(=O)NO1)N=CC2=CC=C(C=C2)C=NC3CONC3=O,mtb,0.3615409004642911,0.4582194337712704,0.2087456309273901,0.416399311195061,0.5042141152192231,0.4004935217680441,0.5493351542878637,4,0.0401674545331809,0.7030370852958856,0,3.0,0.6903429
Thioacetazone,CC(=O)NC1=CC=C(C=C1)C=NNC(=S)N,mtb,0.673525809098328,0.3364343752850609,0.3873741937884377,0.7995531302743972,0.927952264422594,0.7908519937360048,0.5081633111975337,4,0.0477245368570877,0.5794322564569827,0,3.0,1.1375562
viomycin,C1C(N=C(NC1O)N)C2C(=O)NCC(C(=O)NC(C(=O)NC(C(=O)NC(=CNC(=O)N)C(=O)N2)CO)CO)NC(=O)CC(CCCN)N,mtb,0.4932017763514446,0.3555797501374413,0.1517579368314263,0.5630893676746707,0.8990365233121036,0.2597824550022831,0.2012620191850486,10,0.1105941813194641,1.1066794644720266,1,2.0,-3.546024
